{"accuracy": [0.9215884804725647, 0.9754908680915833, 0.9788635969161987, 0.9806504249572754, 0.981894850730896], "auc": [0.9864984750747681, 0.9972355961799622, 0.9978139996528625, 0.9981520771980286, 0.9984374046325684], "loss": [0.26102185249328613, 0.10486732423305511, 0.09094637632369995, 0.08243665844202042, 0.07684102654457092], "val_accuracy": [0.9757940173149109, 0.9797475934028625, 0.9825558066368103, 0.9832937121391296, 0.9842077493667603], "val_auc": [0.9972067475318909, 0.9980388879776001, 0.9984233975410461, 0.9985941052436829, 0.9987869262695312], "val_loss": [0.06908586621284485, 0.05721547082066536, 0.04976879805326462, 0.047496117651462555, 0.04422934353351593], "learning_rate": [9.999999747378752e-05, 9.999999747378752e-05, 9.999999747378752e-05, 9.999999747378752e-05, 9.999999747378752e-05]}