{
  "timestamp": "2026-02-21T17:43:03.355530",
  "lofo_results": [
    {
      "held_out_family": "conti",
      "train_families": [
        "lockbit",
        "revil",
        "ryuk"
      ],
      "roc_auc": 0.997571713003871,
      "precision": 0.9965754191194575,
      "recall": 0.9940389810452993,
      "f1": 0.9953055841194617,
      "confusion_matrix": [
        [
          6715,
          459
        ],
        [
          801,
          133572
        ]
      ],
      "optimal_threshold": 0.1,
      "model": 